-- MySQL dump 10.13  Distrib 5.6.22, for osx10.8 (x86_64)
--
-- Host: localhost    Database: biocore
-- ------------------------------------------------------
-- Server version	5.6.22

/*!40101 SET @OLD_CHARACTER_SET_CLIENT=@@CHARACTER_SET_CLIENT */;
/*!40101 SET @OLD_CHARACTER_SET_RESULTS=@@CHARACTER_SET_RESULTS */;
/*!40101 SET @OLD_COLLATION_CONNECTION=@@COLLATION_CONNECTION */;
/*!40101 SET NAMES utf8 */;
/*!40103 SET @OLD_TIME_ZONE=@@TIME_ZONE */;
/*!40103 SET TIME_ZONE='+00:00' */;
/*!40014 SET @OLD_UNIQUE_CHECKS=@@UNIQUE_CHECKS, UNIQUE_CHECKS=0 */;
/*!40014 SET @OLD_FOREIGN_KEY_CHECKS=@@FOREIGN_KEY_CHECKS, FOREIGN_KEY_CHECKS=0 */;
/*!40101 SET @OLD_SQL_MODE=@@SQL_MODE, SQL_MODE='NO_AUTO_VALUE_ON_ZERO' */;
/*!40111 SET @OLD_SQL_NOTES=@@SQL_NOTES, SQL_NOTES=0 */;

--
-- Table structure for table `datatables`
--

DROP TABLE IF EXISTS `datatables`;
/*!40101 SET @saved_cs_client     = @@character_set_client */;
/*!40101 SET character_set_client = utf8 */;
CREATE TABLE `datatables` (
  `id` int(11) NOT NULL AUTO_INCREMENT,
  `name` varchar(128) DEFAULT NULL,
  `parent_name` varchar(128) DEFAULT NULL,
  `parent_link` varchar(256) DEFAULT NULL,
  `tablename` varchar(45) DEFAULT NULL,
  `joined` binary(1) DEFAULT '0',
  `owner_id` int(11) DEFAULT NULL,
  `group_id` int(11) DEFAULT NULL,
  `perms` int(11) DEFAULT NULL,
  `date_created` datetime DEFAULT NULL,
  `date_modified` datetime DEFAULT NULL,
  `last_modified_user` int(11) DEFAULT NULL,
  PRIMARY KEY (`id`)
) ENGINE=InnoDB AUTO_INCREMENT=13 DEFAULT CHARSET=latin1;
/*!40101 SET character_set_client = @saved_cs_client */;

--
-- Dumping data for table `datatables`
--

LOCK TABLES `datatables` WRITE;
/*!40000 ALTER TABLE `datatables` DISABLE KEYS */;
INSERT INTO `datatables` VALUES (1,'Experiment Series','NGS Tracking','ngstracking','ngs_experiment_series','0',1,1,63,'2014-12-18 17:54:37','2014-12-18 17:54:37',NULL),(2,'Contributors','NGS Tracking','ngstracking','ngs_contributors','1',1,1,63,'2014-12-18 23:03:01','2014-12-19 19:29:39',NULL),(3,'Data Tables','Administration','admin','datatables','0',1,1,15,'2014-12-19 11:56:18','2014-12-21 21:27:58',NULL),(4,'Data Fields','Administration','admin','datafields','1',1,1,15,'2014-12-19 19:28:17','2014-12-21 21:27:42',NULL),(5,'Lanes','NGS Tracking','ngstracking','ngs_lanes','1',1,1,63,'2014-12-19 19:29:17','2014-12-19 19:40:39',NULL),(6,'Protocols','NGS Tracking','ngstracking','ngs_protocols','0',1,1,63,'2014-12-20 12:59:55','2014-12-20 12:59:55',NULL),(7,'Samples','NGS Tracking','ngstracking','ngs_samples','1',1,1,63,'2014-12-20 13:01:51','2014-12-20 13:01:51',NULL),(8,'Directories','NGS Tracking','ngstracking','ngs_dirs','0',1,1,63,'2014-12-20 13:04:17','2014-12-20 13:04:17',NULL),(9,'Fastq Files','NGS Tracking','ngstracking','ngs_fastq_files','1',1,1,63,'2014-12-20 14:28:56','2014-12-20 14:42:55',NULL),(10,'Users','Administration','admin','users','1',1,1,15,'2014-12-21 18:23:31','2014-12-21 21:28:40',NULL),(11,'Groups','Administration','admin','groups','0',1,1,15,'2014-12-21 19:00:11','2014-12-21 21:28:09',NULL),(12,'Sidebar','Administration','admin','sidebar','0',1,1,63,'2014-12-21 19:07:24','2014-12-21 21:28:22',NULL);
/*!40000 ALTER TABLE `datatables` ENABLE KEYS */;
UNLOCK TABLES;

--
-- Table structure for table `datafields`
--

DROP TABLE IF EXISTS `datafields`;
/*!40101 SET @saved_cs_client     = @@character_set_client */;
/*!40101 SET character_set_client = utf8 */;
CREATE TABLE `datafields` (
  `id` int(11) NOT NULL AUTO_INCREMENT,
  `table_id` int(11) DEFAULT NULL,
  `fieldname` varchar(45) DEFAULT NULL,
  `title` varchar(128) DEFAULT NULL,
  `summary` text,
  `type` varchar(45) DEFAULT NULL,
  `len` int(11) DEFAULT NULL,
  `options` text,
  `render` text,
  `joinedtablename` varchar(45) DEFAULT NULL,
  `joinedfieldidname` varchar(45) DEFAULT NULL,
  `joinedtargetfield` varchar(45) DEFAULT NULL,
  `owner_id` int(11) DEFAULT NULL,
  `group_id` int(11) DEFAULT NULL,
  `perms` int(11) DEFAULT NULL,
  `date_created` datetime DEFAULT NULL,
  `date_modified` datetime DEFAULT NULL,
  `last_modified_user` int(11) DEFAULT NULL,
  PRIMARY KEY (`id`),
  UNIQUE KEY `idx_fieldname` (`fieldname`,`table_id`) USING HASH
) ENGINE=InnoDB AUTO_INCREMENT=84 DEFAULT CHARSET=latin1;
/*!40101 SET character_set_client = @saved_cs_client */;

--
-- Dumping data for table `datafields`
--

LOCK TABLES `datafields` WRITE;
/*!40000 ALTER TABLE `datafields` DISABLE KEYS */;
INSERT INTO `datafields` VALUES (1,1,'experiment_name','Title','Unique title that describes the overall study.','text',45,NULL,NULL,'','','',NULL,NULL,NULL,'2014-12-18 00:00:00','2014-12-18 22:39:54',NULL),(2,1,'summary','Summary','Thorough description of the goals and objectives of this study. The abstract from the associated publication may be suitable. Include as much text as necessary.','text',256,NULL,NULL,'','','',NULL,NULL,NULL,'2014-12-18 00:00:00','2014-12-19 08:10:29',NULL),(3,1,'design','Overall Design','Indicate how many Samples are analyzed, if replicates are included, are there control and/or reference Samples, etc.','text',256,NULL,NULL,NULL,NULL,NULL,NULL,NULL,NULL,'2014-12-18 00:00:00','2014-12-18 00:00:00',NULL),(4,2,'series_id','Experiment Series','The title that describes the overall study.','text',10,NULL,NULL,'ngs_experiment_series','id','experiment_name',NULL,NULL,NULL,'2014-12-18 23:06:18','2014-12-19 08:26:39',NULL),(5,2,'contributor','Contributor','Contibutor name.','text',256,NULL,NULL,'','','',NULL,NULL,NULL,'2014-12-18 23:07:00','2014-12-19 08:27:00',NULL),(6,3,'name','Name','Name of the data table.','text',45,NULL,NULL,'','','',NULL,NULL,NULL,'2014-12-19 11:57:15','2014-12-19 11:57:15',NULL),(7,3,'parent_name','Parent Name','ame of the parent for bread crumbs.','text',256,NULL,NULL,'','','',NULL,NULL,NULL,'2014-12-19 11:58:00','2014-12-19 11:58:00',NULL),(8,3,'parent_link','Parent Link','The link of the parent for bread crumbs','text',128,NULL,NULL,'','','',NULL,NULL,NULL,'2014-12-19 11:58:53','2014-12-19 11:58:53',NULL),(10,3,'tablename','Table Name','Table name in the html form and database','text',45,NULL,NULL,'','','',NULL,NULL,NULL,'2014-12-19 12:01:14','2014-12-19 12:01:14',NULL),(11,3,'joined','Joined?','(Yes/No) Yes: if there are other tables that are going to be joined(left)','radio',1,'\"type\":  \"radio\",                                 \"ipOpts\": [                                 { label: \"No\", value: 0 },                                 { label: \"Yes\",  value: 1 }                                 ],                                 \"default\": 0,','\"render\": function (val, type, row) {\n                          return val == 0 ? \"No\" : \"Yes\";\n                        } ','','','',NULL,NULL,NULL,'2014-12-19 12:01:51','2014-12-19 12:01:51',NULL),(12,4,'table_id','Table name','Name of the data table','text',10,'','','datatables','id','tablename',NULL,NULL,NULL,'2014-12-19 19:38:19','2014-12-19 19:40:10',NULL),(13,4,'fieldname','Field Name','Name of the field','text',45,'','','','','',NULL,NULL,NULL,'2014-12-19 19:39:07','2014-12-19 19:39:07',NULL),(14,4,'title','Title','The title of the field that is going to be shown in the html presentation.','text',256,'','','','','',NULL,NULL,NULL,'2014-12-19 19:41:25','2014-12-21 02:37:28',NULL),(15,4,'summary','Summary','Short explanation of the field','text',256,'','','','','',NULL,NULL,NULL,'2014-12-19 19:41:49','2014-12-19 19:41:49',NULL),(16,4,'type','Type','Type of the field. Text, Date, blob, etc.','text',45,'','','','','',NULL,NULL,NULL,'2014-12-19 19:42:25','2014-12-19 19:42:25',NULL),(17,4,'len','Len','Length of the field that is going to be used to set box size in the html','number',10,'','','','','',NULL,NULL,NULL,'2014-12-19 19:42:58','2014-12-19 19:42:58',NULL),(18,4,'options','Options','Options is used in dataTable editor section','text',256,'','','','','',NULL,NULL,NULL,'2014-12-19 19:43:38','2014-12-19 19:43:38',NULL),(19,4,'render','Render','Render is used in dataTable section','text',256,'','','','','',NULL,NULL,NULL,'2014-12-19 19:44:06','2014-12-19 19:44:06',NULL),(20,4,'joinedtablename','Joined Table Name','If the main table is going to be joined other table, describe its name','text',45,'','','','','',NULL,NULL,NULL,'2014-12-19 19:44:43','2014-12-19 19:44:43',NULL),(21,4,'joinedfieldidname','Joined Field ID Name','The name of the field that is going to be used in left join. Ex: Usually id<','text',45,'','','','','',NULL,NULL,NULL,'2014-12-19 19:45:42','2014-12-19 19:45:42',NULL),(22,4,'joinedtargetfield','Joined Target Field','The value field that are going to be used in the box or html rather than id.','text',45,'','','','','',NULL,NULL,NULL,'2014-12-19 19:46:13','2014-12-19 19:46:13',NULL),(23,5,'series_id','Series Name','The title that describes the overall study.','text',10,'','','ngs_experiment_series','id','experiment_name',NULL,NULL,NULL,'2014-12-19 20:16:02','2014-12-19 20:16:02',NULL),(24,5,'name','Lane Name','Unique name that describes the lane. ','text',128,'','','','','',NULL,NULL,NULL,'2014-12-19 20:17:04','2014-12-19 20:17:29',NULL),(25,5,'facility','Sequencing Facility','Describe the facility you used for sequencing.','text',128,'','','','','',NULL,NULL,NULL,'2014-12-19 20:18:23','2014-12-19 20:18:23',NULL),(26,5,'cost','Cost','Sequencing cost of the lane','text',20,'','','','','',NULL,NULL,NULL,'2014-12-19 20:19:00','2014-12-19 20:19:00',NULL),(27,5,'date_submitted','Date Submitted','Submission date','date',10,'\"type\": \"date\", 				\n\"dateImage\" : \"/dolphin/public/img/calender.png\",                 		\n\"def\": function () { return new Date(); },                 		\ndateFormat: $.datepicker.ISO_8601','','','','',NULL,NULL,NULL,'2014-12-19 20:19:30','2014-12-22 22:09:36',NULL),(28,5,'date_received','Date Received','Received date','date',10,'\"type\": \"date\", 				\"dateImage\" : \"/dolphin/public/img/calender.png\",                 		\"def\": function () { return new Date(); },                 		dateFormat: $.datepicker.ISO_8601','','','','',NULL,NULL,NULL,'2014-12-19 20:20:20','2014-12-19 20:29:17',NULL),(29,5,'total_reads','Total reads','Total # of sequenced reads in the lane','text',30,'','','','','',NULL,NULL,NULL,'2014-12-19 20:21:30','2014-12-19 20:21:30',NULL),(30,5,'phix_requested','% PhiX requested','(Yes/No) - Illumina recommends using PhiX Control v3 (Catalog # FC-110-3001) in a lowconcentration spike-in (1%) for improved sequencing quality control','radio',1,'\"type\":  \"radio\",                 		\"ipOpts\": [                     		{ label: \"No\", value: \"No\" },                     		{ label: \"Yes\",  value: \"Yes\" }                 		],                 		\"default\": \"No\"','','','','',NULL,NULL,NULL,'2014-12-19 20:23:23','2014-12-19 20:23:41',NULL),(31,5,'phix_in_lane','% PhiX in lane','Spike-in concentration (%)','text',10,'','','','','',NULL,NULL,NULL,'2014-12-19 20:24:25','2014-12-20 12:54:02',NULL),(32,5,'total_samples','# of Samples','The number of sampels in the lane','text',3,'','','','','',NULL,NULL,NULL,'2014-12-19 20:25:17','2014-12-19 20:25:17',NULL),(33,5,'resequenced','Resequenced?','(Yes/No) - Is this resequenced library?','radio',1,'\"type\":  \"radio\",                 		ipOpts: [                     		{ label: \"No\", value: 0 },                     		{ label: \"Yes\",  value: 1 }                 		],                 		\"default\": 0 ','\"render\": function (val, type, row) {                     	  return val == 0 ? \"No\" : \"Yes\";                 	}	 ','','','',NULL,NULL,NULL,'2014-12-19 20:27:35','2014-12-19 20:27:35',NULL),(34,5,'notes','Notes','Free text notes field to describe the lane','text',256,'','','','','',NULL,NULL,NULL,'2014-12-19 20:28:10','2014-12-19 20:28:10',NULL),(35,6,'name','Protocol Name','Unique protocol name that describes the overall protocol.','text',256,'','','','','',NULL,NULL,NULL,'2014-12-20 13:05:20','2014-12-20 13:05:20',NULL),(36,6,'growth','Growth Protocol','Describe the conditions that were used to grow or maintain organisms or cells prior to extract preparation.','text',256,'','','','','',NULL,NULL,NULL,'2014-12-20 13:06:01','2014-12-20 13:06:01',NULL),(37,6,'treatment','Treatment Protocol','Describe the treatments applied to the biological material prior to extract preparation.','text',256,'','','','','',NULL,NULL,NULL,'2014-12-20 13:06:43','2014-12-20 13:06:43',NULL),(38,6,'extraction','Extract Protocol','Describe the protocols used to extract and prepare the material to be sequenced.','text',256,'','','','','',NULL,NULL,NULL,'2014-12-20 13:07:20','2014-12-20 13:07:36',NULL),(39,6,'library_construction','Library Construction Protocol','Describe the library construction protocol.','text',256,'','','','','',NULL,NULL,NULL,'2014-12-20 13:08:15','2014-12-20 13:08:15',NULL),(40,6,'library_strategy','Library Strategy','A Short Read Archive-specific field that describes the sequencing technique for this library.','text',256,'','','','','',NULL,NULL,NULL,'2014-12-20 13:08:51','2014-12-20 13:08:51',NULL),(41,7,'series_id','Series Name','The title that describes the overall study.','text',10,'','','ngs_experiment_series','id','experiment_name',NULL,NULL,NULL,'2014-12-20 14:00:31','2014-12-20 14:02:02',NULL),(42,7,'lane_id','Lane Name','The name that describes the lane.','text',10,'','','ngs_lanes','id','name',NULL,NULL,NULL,'2014-12-20 14:01:49','2014-12-20 14:01:49',NULL),(43,7,'protocol_id','Protocol Name','The name that describes the protocol.','text',10,'','','ngs_protocols','id','name',NULL,NULL,NULL,'2014-12-20 14:03:14','2014-12-20 14:03:14',NULL),(44,7,'name','Sample Name','Unique name that describes the sample. Please don\'t use any characters other than numbers, letters and udnerscore.','text',128,'','','','','',NULL,NULL,NULL,'2014-12-20 14:04:00','2014-12-20 14:04:00',NULL),(45,7,'barcode','Barcode','Describe the barcode you used for the sample','text',30,'','','','','',NULL,NULL,NULL,'2014-12-20 14:04:56','2014-12-20 14:04:56',NULL),(46,7,'title','Title','Unique title that describes the Sample.','text',128,'','','','','',NULL,NULL,NULL,'2014-12-20 14:05:24','2014-12-20 18:42:00',NULL),(47,7,'source','Source','Briefly identify the biological material, cell line or tissue e.g., vastus lateralis muscle.','text',128,'','','','','',NULL,NULL,NULL,'2014-12-20 14:06:00','2014-12-20 14:06:35',NULL),(48,7,'organism','Organism','Identify the organism(s) from which the sequences were derived.','text',128,'','','','','',NULL,NULL,NULL,'2014-12-20 14:06:22','2014-12-20 14:06:22',NULL),(49,7,'molecule','Molecule','Type of molecule that was extracted from the biological material. Include one of the following: total RNA, polyA RNA, cytoplasmic RNA, nuclear RNA, genomic DNA, protein, or other.','text',128,'','','','','',NULL,NULL,NULL,'2014-12-20 14:07:13','2014-12-20 14:07:13',NULL),(50,7,'description','Description','Detailed sample description.','text',256,'','','','','',NULL,NULL,NULL,'2014-12-20 14:07:34','2014-12-20 14:07:34',NULL),(51,7,'instrument_model','Instrument Model','The model of the next generation sequencing machine','text',128,'','','','','',NULL,NULL,NULL,'2014-12-20 14:08:15','2014-12-20 14:16:07',NULL),(52,7,'avg_insert_size','Avg. Insert Size','Average size of the insert for paired-end reads (excluding adapters, linkers, etc...)','number',10,'','','','','',NULL,NULL,NULL,'2014-12-20 14:08:52','2014-12-20 14:08:52',NULL),(53,7,'read_length','Read Length','Sequenced read length.','number',10,'','','','','',NULL,NULL,NULL,'2014-12-20 14:09:28','2014-12-20 14:09:28',NULL),(54,7,'genotype','Genotype','Describe the genetic makeup of a specific organism.','text',128,'','','','','',NULL,NULL,NULL,'2014-12-20 14:09:52','2014-12-20 14:09:52',NULL),(55,7,'condition','Condition','Describe the sample condition.','text',256,'','','','','',NULL,NULL,NULL,'2014-12-20 14:10:22','2014-12-20 14:10:22',NULL),(56,7,'library_type','Library Type','Library Type. (RNASeq, ChipSeq etc.)','text',128,'','','','','',NULL,NULL,NULL,'2014-12-20 14:11:18','2014-12-20 14:11:18',NULL),(57,7,'adapter','3\' Adapter','3\' Adapter sequence','text',45,'','','','','',NULL,NULL,NULL,'2014-12-20 14:11:53','2014-12-20 14:11:53',NULL),(58,7,'notebook_ref','Notebook Referance','Corresponding notebook reference of the sample','text',128,'','','','','',NULL,NULL,NULL,'2014-12-20 14:12:42','2014-12-20 14:12:42',NULL),(59,7,'notes','Notes','Free text notes field to describe the sample.','text',256,'','','','','',NULL,NULL,NULL,'2014-12-20 14:13:09','2014-12-20 14:13:09',NULL),(60,8,'fastq_dir','Fastq Directory','Full path of the fastq files.','text',256,'','','','','',NULL,NULL,NULL,'2014-12-20 14:21:20','2014-12-20 14:22:04',NULL),(61,8,'backup_dir','Backup Directory','Full path of the backup directiory','text',256,'','','','','',NULL,NULL,NULL,'2014-12-20 14:21:53','2014-12-20 14:21:53',NULL),(62,8,'amazon_bucket','Amazon Bucket','Amazon bucket name. If this field is not empty and amazon bucket exits under your credentials and your amazon credentials are defined in the system. The fastq files are going to be copied to Amazon S3 storage.','text',256,'','','','','',NULL,NULL,NULL,'2014-12-20 14:22:40','2014-12-20 14:22:54',NULL),(63,9,'lane_id','Lane Name','The name that describes the lane.','text',10,'','','ngs_lanes','id','name',NULL,NULL,NULL,'2014-12-20 14:29:46','2014-12-20 14:30:50',NULL),(64,9,'sample_id','Sample Name','The title that describes sample.','text',10,'','','ngs_samples','id','name',NULL,NULL,NULL,'2014-12-20 14:30:32','2014-12-20 14:30:32',NULL),(65,9,'dir_id','Fastq Directory','The directory of the fastq files.','text',10,'','','ngs_dirs','id','fastq_dir',NULL,NULL,NULL,'2014-12-20 14:31:45','2014-12-20 14:42:16',NULL),(66,9,'file_name','File Name','Name of the file without its path','text',256,'','','','','',NULL,NULL,NULL,'2014-12-20 14:38:10','2014-12-20 14:44:49',NULL),(67,9,'checksum','Checksum','MD5 checksum of the file. This helps us verify that the file transfer was complete and didn\'t corrupt your file.','text',50,'','','','','',NULL,NULL,NULL,'2014-12-20 14:36:07','2014-12-20 14:36:07',NULL),(69,10,'username','Username','Email username. Usually the last name and the first letter of the firstname.','text',8,'','','','','',NULL,NULL,NULL,'2014-12-21 18:29:34','2014-12-21 18:29:34',NULL),(70,10,'group_id','Group Name','Group name the user belong to.  ','text',45,'','','groups','id','name',NULL,NULL,NULL,'2014-12-21 18:30:40','2014-12-21 18:30:40',NULL),(71,10,'clusteruser','Cluster Username','The username in the cluster.','text',10,'','','','','',NULL,NULL,NULL,'2014-12-21 18:31:54','2014-12-21 18:31:54',NULL),(72,10,'role','Role','Job description.','text',128,'','','','','',NULL,NULL,NULL,'2014-12-21 18:32:55','2014-12-21 18:32:55',NULL),(73,10,'name','Full Name','Full name of the user. Please enter first full name using following format. Last Name, First Name','text',128,'','','','','',NULL,NULL,NULL,'2014-12-21 18:34:10','2014-12-21 18:34:10',NULL),(74,10,'email','Email','Unique email address','text',128,'','','','','',NULL,NULL,NULL,'2014-12-21 18:34:51','2014-12-21 18:34:51',NULL),(75,10,'institute','Institute','The name of the institution. ','text',128,'','','','','',NULL,NULL,NULL,'2014-12-21 18:36:03','2014-12-21 18:36:03',NULL),(76,10,'lab','Lab Name','The name of the lab','text',128,'','','','','',NULL,NULL,NULL,'2014-12-21 18:36:58','2014-12-21 18:36:58',NULL),(77,10,'memberdate','Date of membership','The date of the membership to the system.','date',10,'\"type\": \"date\", 				\n\"dateImage\" : \"/dolphin/public/img/calender.png\",                 		\n\"def\": function () { return new Date(); },                 		\ndateFormat: $.datepicker.ISO_8601','','','','',NULL,NULL,NULL,'2014-12-21 18:40:35','2014-12-22 22:09:59',NULL),(78,11,'name','Group Name','User group name in the institute, usuall labname.','text',128,'','','','','',NULL,NULL,NULL,'2014-12-21 19:01:05','2014-12-21 19:01:05',NULL),(79,12,'name','Menu Name','The name of the menu that will appear in the sidebar','text',45,'','','','','',NULL,NULL,NULL,'2014-12-21 19:08:57','2014-12-21 19:08:57',NULL),(80,12,'parent_name','Parent Name','Parent name of the menu ','text',45,'','','','','',NULL,NULL,NULL,'2014-12-21 19:10:07','2014-12-21 21:11:39',NULL),(81,12,'link','Link','The link of the page.','text',128,'','','','','',NULL,NULL,NULL,'2014-12-21 19:10:59','2014-12-21 19:10:59',NULL),(82,12,'iconname','Icon','CSS Icon name that will appear next to the parent name','text',45,'','','','','',NULL,NULL,NULL,'2014-12-21 19:12:58','2014-12-21 19:12:58',NULL),(83,12,'treeview','Tree View','Yes/No: If there are sub menus, this should be set yes','radio',1,'\"type\":  \"radio\",                                \n \"ipOpts\": [                                 \n{ label: \"No\", value: 0 },                                \n { label: \"Yes\",  value: 1 }                                 ],                                 \n\"default\": 0,','\"render\": function (val, type, row) {\n                          return val == 0 ? \"No\" : \"Yes\";\n                        } ','','','',NULL,NULL,NULL,'2014-12-21 20:07:56','2014-12-21 20:07:56',NULL);
/*!40000 ALTER TABLE `datafields` ENABLE KEYS */;
UNLOCK TABLES;

--
-- Table structure for table `sidebar`
--

DROP TABLE IF EXISTS `sidebar`;
/*!40101 SET @saved_cs_client     = @@character_set_client */;
/*!40101 SET character_set_client = utf8 */;
CREATE TABLE `sidebar` (
  `id` int(11) NOT NULL AUTO_INCREMENT,
  `name` varchar(45) DEFAULT NULL,
  `parent_name` varchar(45) DEFAULT NULL,
  `link` text,
  `iconname` varchar(45) DEFAULT NULL,
  `treeview` binary(1) DEFAULT NULL,
  `owner_id` int(11) DEFAULT NULL,
  `group_id` int(11) DEFAULT NULL,
  `perms` int(11) DEFAULT NULL,
  `date_created` datetime DEFAULT NULL,
  `date_modified` datetime DEFAULT NULL,
  `last_modified_user` int(11) DEFAULT NULL,
  PRIMARY KEY (`id`)
) ENGINE=InnoDB AUTO_INCREMENT=1001 DEFAULT CHARSET=latin1;
/*!40101 SET character_set_client = @saved_cs_client */;

--
-- Dumping data for table `sidebar`
--

LOCK TABLES `sidebar` WRITE;
/*!40000 ALTER TABLE `sidebar` DISABLE KEYS */;
INSERT INTO `sidebar` VALUES (1,'Dashboard','','/','fa-dashboard','0',1,1,63,'2014-12-21 19:33:20','2014-12-21 19:33:20',NULL),(2,'NGS Tracking','','','fa-bar-chart-o','1',1,1,63,'2014-12-21 19:35:07','2014-12-21 19:35:07',NULL),(3,'Usage Reports','','','fa-bar-chart-o','1',1,1,15,'2014-12-21 19:36:42','2014-12-21 19:36:42',NULL),(4,'Excel Import','NGS Tracking','ngsimport','','0',1,1,63,'2014-12-21 19:38:02','2014-12-21 19:38:02',NULL),(5,'NGS Tracking','NGS Tracking','ngstrack','','0',1,1,63,'2014-12-21 19:38:44','2014-12-21 19:38:44',NULL),(6,'Galaxy Stats','Usage Reports','galaxystats','','0',1,1,15,'2014-12-21 19:39:28','2014-12-21 19:39:28',NULL),(7,'Dolphin Stats','Usage Reports','dolphinstats','','0',1,1,15,'2014-12-21 19:40:29','2014-12-21 19:40:29',NULL),(8,'Administration','','','fa-laptop','1',1,1,15,'2014-12-21 19:41:10','2014-12-21 19:41:10',NULL);
/*!40000 ALTER TABLE `sidebar` ENABLE KEYS */;
UNLOCK TABLES;

--
-- Table structure for table `user_group`
--

DROP TABLE IF EXISTS `user_group`;
/*!40101 SET @saved_cs_client     = @@character_set_client */;
/*!40101 SET character_set_client = utf8 */;
CREATE TABLE `user_group` (
  `id` int(11) NOT NULL AUTO_INCREMENT,
  `u_id` int(11) DEFAULT NULL,
  `g_id` int(11) DEFAULT NULL,
  `owner_id` int(11) DEFAULT NULL,
  `group_id` int(11) DEFAULT NULL,
  `perms` int(11) DEFAULT NULL,
  `date_created` datetime DEFAULT NULL,
  `date_modified` datetime DEFAULT NULL,
  `last_modified_user` varchar(45) DEFAULT NULL,
  PRIMARY KEY (`id`)
) ENGINE=InnoDB AUTO_INCREMENT=256 DEFAULT CHARSET=latin1;
/*!40101 SET character_set_client = @saved_cs_client */;

--
-- Dumping data for table `user_group`
--

LOCK TABLES `user_group` WRITE;
/*!40000 ALTER TABLE `user_group` DISABLE KEYS */;
INSERT INTO `user_group` VALUES (1,1,1,1,1,15,'2014-12-22 20:27:35','2014-12-22 20:27:35','kucukura'),(2,2,1,2,1,15,'2014-12-22 20:27:35','2014-12-22 20:27:35','garberm'),(3,3,3,3,3,15,'2014-12-22 20:27:35','2014-12-22 20:27:35','arifa'),(4,4,4,4,4,15,'2014-12-22 20:27:35','2014-12-22 20:27:35','ashara'),(5,5,5,5,5,15,'2014-12-22 20:27:35','2014-12-22 20:27:35','barond'),(6,6,6,6,6,15,'2014-12-22 20:27:35','2014-12-22 20:27:35','barutcur'),(7,7,7,7,7,15,'2014-12-22 20:27:35','2014-12-22 20:27:35','barutcus'),(8,8,8,8,8,15,'2014-12-22 20:27:35','2014-12-22 20:27:35','bennettg'),(9,9,4,9,4,15,'2014-12-22 20:27:35','2014-12-22 20:27:35','bicknela'),(10,10,9,10,9,15,'2014-12-22 20:27:35','2014-12-22 20:27:35','bingx'),(11,11,8,11,8,15,'2014-12-22 20:27:35','2014-12-22 20:27:35','bizhanoa'),(12,12,10,12,10,15,'2014-12-22 20:27:35','2014-12-22 20:27:35','blodgetd'),(13,13,11,13,11,15,'2014-12-22 20:27:35','2014-12-22 20:27:35','bolukbam'),(14,14,12,14,12,15,'2014-12-22 20:27:35','2014-12-22 20:27:35','borelf'),(15,15,13,15,13,15,'2014-12-22 20:27:35','2014-12-22 20:27:35','brodskym'),(16,16,14,16,14,15,'2014-12-22 20:27:35','2014-12-22 20:27:35','bulchaj'),(17,17,15,17,15,15,'2014-12-22 20:27:35','2014-12-22 20:27:35','caroned'),(18,18,16,18,16,15,'2014-12-22 20:27:35','2014-12-22 20:27:35','casserla'),(19,19,17,19,17,15,'2014-12-22 20:27:35','2014-12-22 20:27:35','chavesd'),(20,20,9,20,9,15,'2014-12-22 20:27:35','2014-12-22 20:27:35','chenh3'),(21,21,18,21,18,15,'2014-12-22 20:27:35','2014-12-22 20:27:35','chenj2'),(22,22,19,22,19,15,'2014-12-22 20:27:35','2014-12-22 20:27:35','chenp'),(23,23,4,23,4,15,'2014-12-22 20:27:35','2014-12-22 20:27:35','chenw1'),(24,24,20,24,20,15,'2014-12-22 20:27:35','2014-12-22 20:27:35','choia'),(25,25,21,25,21,15,'2014-12-22 20:27:35','2014-12-22 20:27:35','chois1'),(26,26,22,26,22,15,'2014-12-22 20:27:35','2014-12-22 20:27:35','chos'),(27,27,23,27,23,15,'2014-12-22 20:27:35','2014-12-22 20:27:35','choudhus'),(28,28,24,28,24,15,'2014-12-22 20:27:35','2014-12-22 20:27:35','christa'),(29,29,3,29,3,15,'2014-12-22 20:27:35','2014-12-22 20:27:35','colpanc'),(30,30,17,30,17,15,'2014-12-22 20:27:35','2014-12-22 20:27:35','coninec'),(31,31,25,31,25,15,'2014-12-22 20:27:35','2014-12-22 20:27:35','darpr'),(32,32,26,32,26,15,'2014-12-22 20:27:35','2014-12-22 20:27:35','dincera'),(33,33,27,33,27,15,'2014-12-22 20:27:35','2014-12-22 20:27:35','duany'),(34,34,28,34,28,15,'2014-12-22 20:27:35','2014-12-22 20:27:35','dux'),(35,35,29,35,29,15,'2014-12-22 20:27:35','2014-12-22 20:27:35','edwardsy'),(36,36,19,36,19,15,'2014-12-22 20:27:35','2014-12-22 20:27:35','eel'),(37,37,30,37,30,15,'2014-12-22 20:27:35','2014-12-22 20:27:35','ex'),(38,38,31,38,31,15,'2014-12-22 20:27:35','2014-12-22 20:27:35','farfand'),(39,39,3,39,3,15,'2014-12-22 20:27:35','2014-12-22 20:27:35','get3'),(40,40,32,40,32,15,'2014-12-22 20:27:35','2014-12-22 20:27:35','greenm'),(41,41,33,41,33,15,'2014-12-22 20:27:35','2014-12-22 20:27:35','grevenm'),(42,42,34,42,34,15,'2014-12-22 20:27:35','2014-12-22 20:27:35','gup'),(43,43,11,43,11,15,'2014-12-22 20:27:35','2014-12-22 20:27:35','guptaa'),(44,44,19,44,19,15,'2014-12-22 20:27:35','2014-12-22 20:27:35','hainers'),(45,45,14,45,14,15,'2014-12-22 20:27:35','2014-12-22 20:27:35','holdorfa'),(46,46,9,46,9,15,'2014-12-22 20:27:35','2014-12-22 20:27:35','hsieht'),(47,47,35,47,35,15,'2014-12-22 20:27:35','2014-12-22 20:27:35','johnsonl2'),(48,48,36,48,36,15,'2014-12-22 20:27:35','2014-12-22 20:27:35','jokhiv'),(49,49,3,49,3,15,'2014-12-22 20:27:35','2014-12-22 20:27:35','jollys'),(50,50,37,50,37,15,'2014-12-22 20:27:35','2014-12-22 20:27:35','kaufmap1'),(51,51,38,51,38,15,'2014-12-22 20:27:35','2014-12-22 20:27:35','kearnsn'),(52,52,39,52,39,15,'2014-12-22 20:27:35','2014-12-22 20:27:35','kimb'),(53,53,40,53,40,15,'2014-12-22 20:27:35','2014-12-22 20:27:35','kokf'),(54,54,4,54,4,15,'2014-12-22 20:27:35','2014-12-22 20:27:35','kovalakc'),(55,55,41,55,41,15,'2014-12-22 20:27:35','2014-12-22 20:27:35','landryb'),(56,56,40,56,40,15,'2014-12-22 20:27:35','2014-12-22 20:27:35','lawsonn'),(57,57,17,57,17,15,'2014-12-22 20:27:35','2014-12-22 20:27:35','leeh'),(58,58,42,58,42,15,'2014-12-22 20:27:35','2014-12-22 20:27:35','leetet'),(59,59,43,59,43,15,'2014-12-22 20:27:35','2014-12-22 20:27:35','lij2'),(60,60,3,60,3,15,'2014-12-22 20:27:35','2014-12-22 20:27:35','lix'),(61,61,44,61,44,15,'2014-12-22 20:27:35','2014-12-22 20:27:35','lys1'),(62,62,45,62,45,15,'2014-12-22 20:27:35','2014-12-22 20:27:35','mackayc'),(63,63,38,63,38,15,'2014-12-22 20:27:35','2014-12-22 20:27:35','maehrr'),(64,64,32,64,32,15,'2014-12-22 20:27:35','2014-12-22 20:27:35','mal3'),(65,65,8,65,8,15,'2014-12-22 20:27:35','2014-12-22 20:27:35','manningb'),(66,66,19,66,19,15,'2014-12-22 20:27:35','2014-12-22 20:27:35','mccannek'),(67,67,4,67,4,15,'2014-12-22 20:27:35','2014-12-22 20:27:35','mercierb'),(68,68,4,68,4,15,'2014-12-22 20:27:35','2014-12-22 20:27:35','metkarm'),(69,69,46,69,46,15,'2014-12-22 20:27:35','2014-12-22 20:27:35','mine'),(70,70,47,70,47,15,'2014-12-22 20:27:35','2014-12-22 20:27:35','mins'),(71,71,48,71,48,15,'2014-12-22 20:27:35','2014-12-22 20:27:35','mishrap'),(72,72,12,72,12,15,'2014-12-22 20:27:35','2014-12-22 20:27:35','muellerc'),(73,73,49,73,49,15,'2014-12-22 20:27:35','2014-12-22 20:27:35','nayarr'),(74,74,4,74,4,15,'2014-12-22 20:27:35','2014-12-22 20:27:35','nomaa'),(75,75,50,75,50,15,'2014-12-22 20:27:35','2014-12-22 20:27:35','nowosiea'),(76,76,4,76,4,15,'2014-12-22 20:27:35','2014-12-22 20:27:35','ohiram'),(77,77,51,77,51,15,'2014-12-22 20:27:35','2014-12-22 20:27:35','paekk'),(78,78,32,78,32,15,'2014-12-22 20:27:35','2014-12-22 20:27:35','parks1'),(79,79,32,79,32,15,'2014-12-22 20:27:35','2014-12-22 20:27:35','pedanouv'),(80,80,4,80,4,15,'2014-12-22 20:27:35','2014-12-22 20:27:35','pengl'),(81,81,3,81,3,15,'2014-12-22 20:27:35','2014-12-22 20:27:35','pfistee1'),(82,82,52,82,52,15,'2014-12-22 20:27:35','2014-12-22 20:27:35','pulikkaj'),(83,83,40,83,40,15,'2014-12-22 20:27:35','2014-12-22 20:27:35','quilliea'),(84,84,53,84,53,15,'2014-12-22 20:27:35','2014-12-22 20:27:35','ramirezf'),(85,85,7,85,7,15,'2014-12-22 20:27:35','2014-12-22 20:27:35','ramok'),(86,86,9,86,9,15,'2014-12-22 20:27:35','2014-12-22 20:27:35','randoo'),(87,87,43,87,43,15,'2014-12-22 20:27:35','2014-12-22 20:27:35','rays1'),(88,88,8,88,8,15,'2014-12-22 20:27:35','2014-12-22 20:27:35','regem'),(89,89,4,89,4,15,'2014-12-22 20:27:35','2014-12-22 20:27:35','riccie'),(90,90,54,90,54,15,'2014-12-22 20:27:35','2014-12-22 20:27:35','ritaccoa'),(91,91,4,91,4,15,'2014-12-22 20:27:35','2014-12-22 20:27:35','royc'),(92,92,25,92,25,15,'2014-12-22 20:27:35','2014-12-22 20:27:35','sadagopn'),(93,93,4,93,4,15,'2014-12-22 20:27:35','2014-12-22 20:27:35','sainih'),(94,94,53,94,53,15,'2014-12-22 20:27:35','2014-12-22 20:27:35','sanbornk1'),(95,95,17,95,17,15,'2014-12-22 20:27:35','2014-12-22 20:27:35','sethm'),(96,96,40,96,40,15,'2014-12-22 20:27:35','2014-12-22 20:27:35','shinm'),(97,97,51,97,51,15,'2014-12-22 20:27:35','2014-12-22 20:27:35','shuh'),(98,98,25,98,25,15,'2014-12-22 20:27:35','2014-12-22 20:27:35','silversn'),(99,99,40,99,40,15,'2014-12-22 20:27:35','2014-12-22 20:27:35','sissaous'),(100,100,15,100,15,15,'2014-12-22 20:27:35','2014-12-22 20:27:35','smithke'),(101,101,53,101,53,15,'2014-12-22 20:27:35','2014-12-22 20:27:35','somasunm'),(102,102,21,102,21,15,'2014-12-22 20:27:35','2014-12-22 20:27:35','sterlinc'),(103,103,29,103,29,15,'2014-12-22 20:27:35','2014-12-22 20:27:35','straubhj'),(104,104,37,104,37,15,'2014-12-22 20:27:35','2014-12-22 20:27:35','sunx3'),(105,105,55,105,55,15,'2014-12-22 20:27:35','2014-12-22 20:27:35','svcgalaxy'),(106,106,55,106,55,15,'2014-12-22 20:27:35','2014-12-22 20:27:35','svcgalaxytest'),(107,107,25,107,25,15,'2014-12-22 20:27:35','2014-12-22 20:27:35','tabakb'),(108,108,17,108,17,15,'2014-12-22 20:27:35','2014-12-22 20:27:35','tangw'),(109,109,8,109,8,15,'2014-12-22 20:27:35','2014-12-22 20:27:35','topals'),(110,110,56,110,56,15,'2014-12-22 20:27:35','2014-12-22 20:27:35','tranh'),(111,111,37,111,37,15,'2014-12-22 20:27:35','2014-12-22 20:27:35','tromblyd'),(112,112,9,112,9,15,'2014-12-22 20:27:35','2014-12-22 20:27:35','upasnaf'),(113,113,9,113,9,15,'2014-12-22 20:27:35','2014-12-22 20:27:35','vallastm'),(114,114,8,114,8,15,'2014-12-22 20:27:35','2014-12-22 20:27:35','vanc1'),(115,115,50,115,50,15,'2014-12-22 20:27:35','2014-12-22 20:27:35','vancorhs'),(116,116,21,116,21,15,'2014-12-22 20:27:35','2014-12-22 20:27:35','vasqueza'),(117,117,57,117,57,15,'2014-12-22 20:27:35','2014-12-22 20:27:35','venkata1'),(118,118,17,118,17,15,'2014-12-22 20:27:35','2014-12-22 20:27:35','vergaras'),(119,119,7,119,7,15,'2014-12-22 20:27:35','2014-12-22 20:27:35','vernias'),(120,120,58,120,58,15,'2014-12-22 20:27:35','2014-12-22 20:27:35','walkera'),(121,121,35,121,35,15,'2014-12-22 20:27:35','2014-12-22 20:27:35','wangj3'),(122,122,8,122,8,15,'2014-12-22 20:27:35','2014-12-22 20:27:35','watanabs'),(123,123,14,123,14,15,'2014-12-22 20:27:35','2014-12-22 20:27:35','watsone3'),(124,124,53,124,53,15,'2014-12-22 20:27:35','2014-12-22 20:27:35','weisse'),(125,125,11,125,11,15,'2014-12-22 20:27:35','2014-12-22 20:27:35','wolfes'),(126,126,3,126,3,15,'2014-12-22 20:27:35','2014-12-22 20:27:35','wup2'),(127,127,59,127,59,15,'2014-12-22 20:27:35','2014-12-22 20:27:35','wuy1'),(128,128,52,128,52,15,'2014-12-22 20:27:35','2014-12-22 20:27:35','xuel'),(129,129,60,129,60,15,'2014-12-22 20:27:35','2014-12-22 20:27:35','xug'),(130,130,61,130,61,15,'2014-12-22 20:27:35','2014-12-22 20:27:35','yangc3'),(131,131,62,131,62,15,'2014-12-22 20:27:35','2014-12-22 20:27:35','yangz'),(132,132,63,132,63,15,'2014-12-22 20:27:35','2014-12-22 20:27:35','yinl'),(133,133,64,133,64,15,'2014-12-22 20:27:35','2014-12-22 20:27:35','youngt1'),(134,134,25,134,25,15,'2014-12-22 20:27:35','2014-12-22 20:27:35','zhux3'),(135,135,25,135,25,15,'2014-12-22 20:27:35','2014-12-22 20:27:35','derra'),(136,136,32,136,32,15,'2014-12-22 20:27:35','2014-12-22 20:27:35','zhul2'),(137,137,9,137,9,15,'2014-12-22 20:27:35','2014-12-22 20:27:35','serrar'),(138,138,19,138,19,15,'2014-12-22 20:27:35','2014-12-22 20:27:35','fazziot'),(139,139,25,139,25,15,'2014-12-22 20:27:35','2014-12-22 20:27:35','vangalap1'),(140,140,36,140,36,15,'2014-12-22 20:27:35','2014-12-22 20:27:35','thomsont'),(141,141,32,141,32,15,'2014-12-22 20:27:35','2014-12-22 20:27:35','malonias'),(142,142,13,142,13,15,'2014-12-22 20:27:35','2014-12-22 20:27:35','oikemuss'),(143,143,65,143,65,15,'2014-12-22 20:27:35','2014-12-22 20:27:35','lewisb2'),(144,144,52,144,52,15,'2014-12-22 20:27:35','2014-12-22 20:27:35','castilll'),(145,145,15,145,15,15,'2014-12-22 20:27:35','2014-12-22 20:27:35','whitfiet'),(146,146,37,146,37,15,'2014-12-22 20:27:35','2014-12-22 20:27:35','mathesot'),(147,147,32,147,32,15,'2014-12-22 20:27:35','2014-12-22 20:27:35','misraa'),(148,148,3,148,3,15,'2014-12-22 20:27:35','2014-12-22 20:27:35','ozatad'),(149,149,46,149,46,15,'2014-12-22 20:27:35','2014-12-22 20:27:35','ganesanr'),(150,150,17,150,17,15,'2014-12-22 20:27:35','2014-12-22 20:27:35','ishidatt'),(151,151,66,151,66,15,'2014-12-22 20:27:35','2014-12-22 20:27:35','rossouwa'),(152,152,67,152,67,15,'2014-12-22 20:27:35','2014-12-22 20:27:35','olivea'),(153,153,68,153,68,15,'2014-12-22 20:27:35','2014-12-22 20:27:35','josepha1'),(154,154,67,154,67,15,'2014-12-22 20:27:35','2014-12-22 20:27:35','mossc'),(155,155,69,155,69,15,'2014-12-22 20:27:35','2014-12-22 20:27:35','martinec1'),(156,156,70,156,70,15,'2014-12-22 20:27:35','2014-12-22 20:27:35','smithc6'),(157,157,57,157,57,15,'2014-12-22 20:27:35','2014-12-22 20:27:35','ceolc'),(158,158,71,158,71,15,'2014-12-22 20:27:35','2014-12-22 20:27:35','gutierrd'),(159,159,72,159,72,15,'2014-12-22 20:27:35','2014-12-22 20:27:35','kittlere'),(160,160,51,160,51,15,'2014-12-22 20:27:35','2014-12-22 20:27:35','stackpoe'),(161,161,17,161,17,15,'2014-12-22 20:27:35','2014-12-22 20:27:35','caldasg1'),(162,162,12,162,12,15,'2014-12-22 20:27:35','2014-12-22 20:27:35','sunh2'),(163,163,49,163,49,15,'2014-12-22 20:27:35','2014-12-22 20:27:35','conleyj'),(164,164,15,164,15,15,'2014-12-22 20:27:35','2014-12-22 20:27:35','chiangj1'),(165,165,67,165,67,15,'2014-12-22 20:27:35','2014-12-22 20:27:35','phuahj'),(166,166,14,166,14,15,'2014-12-22 20:27:35','2014-12-22 20:27:35','fuxmanbj'),(167,167,69,167,69,15,'2014-12-22 20:27:35','2014-12-22 20:27:35','sanchezj1'),(168,168,20,168,20,15,'2014-12-22 20:27:35','2014-12-22 20:27:35','rodericj'),(169,169,21,169,21,15,'2014-12-22 20:27:35','2014-12-22 20:27:35','mcjunkik'),(170,170,20,170,20,15,'2014-12-22 20:27:35','2014-12-22 20:27:35','zelicm'),(171,171,20,171,20,15,'2014-12-22 20:27:35','2014-12-22 20:27:35','kellihem'),(172,172,60,172,60,15,'2014-12-22 20:27:35','2014-12-22 20:27:35','hathawan'),(173,173,22,173,22,15,'2014-12-22 20:27:35','2014-12-22 20:27:35','peterso'),(174,174,73,174,73,15,'2014-12-22 20:27:35','2014-12-22 20:27:35','uyano'),(175,175,60,175,60,15,'2014-12-22 20:27:35','2014-12-22 20:27:35','aydemiro'),(176,176,57,176,57,15,'2014-12-22 20:27:35','2014-12-22 20:27:35','vyasr'),(177,177,44,177,44,15,'2014-12-22 20:27:35','2014-12-22 20:27:35','harasztr'),(178,178,25,178,25,15,'2014-12-22 20:27:35','2014-12-22 20:27:35','kinickis'),(179,179,29,179,29,15,'2014-12-22 20:27:35','2014-12-22 20:27:35','nicolors'),(180,180,74,180,74,15,'2014-12-22 20:27:35','2014-12-22 20:27:35','maow'),(181,181,36,181,36,15,'2014-12-22 20:27:35','2014-12-22 20:27:35','liy'),(182,182,22,182,22,15,'2014-12-22 20:27:35','2014-12-22 20:27:35','karadeny'),(183,183,15,183,15,15,'2014-12-22 20:27:35','2014-12-22 20:27:35','jingy'),(184,184,7,184,7,15,'2014-12-22 20:27:35','2014-12-22 20:27:35','itahz'),(185,185,25,185,25,15,'2014-12-22 20:27:35','2014-12-22 20:27:35','haranj'),(186,186,75,186,75,15,'2014-12-22 20:27:35','2014-12-22 20:27:35','rydere'),(187,187,25,187,25,15,'2014-12-22 20:27:35','2014-12-22 20:27:35','johnsonn4'),(188,188,71,188,71,15,'2014-12-22 20:27:35','2014-12-22 20:27:35','her'),(189,189,76,189,76,15,'2014-12-22 20:27:35','2014-12-22 20:27:35','zhus1'),(190,190,77,190,77,15,'2014-12-22 20:27:35','2014-12-22 20:27:35','qiy'),(191,191,78,191,78,15,'2014-12-22 20:27:35','2014-12-22 20:27:35','clancyl'),(192,192,67,192,67,15,'2014-12-22 20:27:35','2014-12-22 20:27:35','bellerom'),(193,193,48,193,48,15,'2014-12-22 20:27:35','2014-12-22 20:27:35','cotep1'),(194,194,60,194,60,15,'2014-12-22 20:27:35','2014-12-22 20:27:35','oduorc'),(195,195,79,195,79,15,'2014-12-22 20:27:35','2014-12-22 20:27:35','belaghzh'),(196,196,25,196,25,15,'2014-12-22 20:27:35','2014-12-22 20:27:35','donnarde'),(197,197,80,197,80,15,'2014-12-22 20:27:35','2014-12-22 20:27:35','robbinsl');
/*!40000 ALTER TABLE `user_group` ENABLE KEYS */;
UNLOCK TABLES;

--
-- Table structure for table `groups`
--

DROP TABLE IF EXISTS `groups`;
/*!40101 SET @saved_cs_client     = @@character_set_client */;
/*!40101 SET character_set_client = utf8 */;
CREATE TABLE `groups` (
  `id` int(11) NOT NULL AUTO_INCREMENT,
  `name` varchar(45) DEFAULT NULL,
  `owner_id` int(11) DEFAULT NULL,
  `group_id` int(11) DEFAULT NULL,
  `perms` int(11) DEFAULT NULL,
  `date_created` datetime DEFAULT NULL,
  `date_modified` datetime DEFAULT NULL,
  `last_modified_user` varchar(45) DEFAULT NULL,
  PRIMARY KEY (`id`)
) ENGINE=InnoDB AUTO_INCREMENT=128 DEFAULT CHARSET=latin1;
/*!40101 SET character_set_client = @saved_cs_client */;

--
-- Dumping data for table `groups`
--

LOCK TABLES `groups` WRITE;
/*!40000 ALTER TABLE `groups` DISABLE KEYS */;
INSERT INTO `groups` VALUES (1,'umw_biocore',1,1,63,'2014-12-22 20:22:07','2014-12-22 20:22:07','kucukura'),(2,'umw_garberlab',1,1,63,'2014-12-22 20:22:07','2014-12-22 20:22:07','kucukura'),(3,'umw_phil_zamore',1,1,63,'2014-12-22 20:22:07','2014-12-22 20:22:07','kucukura'),(4,'umw_melissa_moore',1,1,63,'2014-12-22 20:22:07','2014-12-22 20:22:07','kucukura'),(5,'umw_daryl_bosco',1,1,63,'2014-12-22 20:22:07','2014-12-22 20:22:07','kucukura'),(6,'umw_anthony_imbalzano',1,1,63,'2014-12-22 20:22:07','2014-12-22 20:22:07','kucukura'),(7,'umw_roger_davis',1,1,63,'2014-12-22 20:22:07','2014-12-22 20:22:07','kucukura'),(8,'umw_craig_peterson',1,1,63,'2014-12-22 20:22:07','2014-12-22 20:22:07','kucukura'),(9,'umw_oliver_rando',1,1,63,'2014-12-22 20:22:07','2014-12-22 20:22:07','kucukura'),(10,'umw_david_harlan',1,1,63,'2014-12-22 20:22:07','2014-12-22 20:22:07','kucukura'),(11,'umw_scot_wolfe',1,1,63,'2014-12-22 20:22:07','2014-12-22 20:22:07','kucukura'),(12,'umw_chris_mueller',1,1,63,'2014-12-22 20:22:07','2014-12-22 20:22:07','kucukura'),(13,'umw_michael_brodsky',1,1,63,'2014-12-22 20:22:07','2014-12-22 20:22:07','kucukura'),(14,'umw_marian_walhout',1,1,63,'2014-12-22 20:22:07','2014-12-22 20:22:07','kucukura'),(15,'umw_jeanne_lawrence',1,1,63,'2014-12-22 20:22:07','2014-12-22 20:22:07','kucukura'),(16,'umw_paul_gardner',1,1,63,'2014-12-22 20:22:07','2014-12-22 20:22:07','kucukura'),(17,'umw_craig_mello',1,1,63,'2014-12-22 20:22:07','2014-12-22 20:22:07','kucukura'),(18,'umw_charles_emerson',1,1,63,'2014-12-22 20:22:07','2014-12-22 20:22:07','kucukura'),(19,'umw_thomas_fazzio',1,1,63,'2014-12-22 20:22:07','2014-12-22 20:22:07','kucukura'),(20,'umw_michelle_kelliher',1,1,63,'2014-12-22 20:22:07','2014-12-22 20:22:07','kucukura'),(21,'umw_victor_ambros',1,1,63,'2014-12-22 20:22:07','2014-12-22 20:22:07','kucukura'),(22,'umw_marc_freeman',1,1,63,'2014-12-22 20:22:07','2014-12-22 20:22:07','kucukura'),(23,'umw_miguel_esteves',1,1,63,'2014-12-22 20:22:07','2014-12-22 20:22:07','kucukura'),(24,'umw_eicke_latz',1,1,63,'2014-12-22 20:22:07','2014-12-22 20:22:07','kucukura'),(25,'umw_manuel_garber',1,1,63,'2014-12-22 20:22:07','2014-12-22 20:22:07','kucukura'),(26,'umw_schahram_akbarian',1,1,63,'2014-12-22 20:22:07','2014-12-22 20:22:07','kucukura'),(27,'umw_robert_finberg',1,1,63,'2014-12-22 20:22:07','2014-12-22 20:22:07','kucukura'),(28,'umw_haley_melikian',1,1,63,'2014-12-22 20:22:07','2014-12-22 20:22:07','kucukura'),(29,'umw_michael_czech',1,1,63,'2014-12-22 20:22:07','2014-12-22 20:22:07','kucukura'),(30,'umw_timothy_kowalik',1,1,63,'2014-12-22 20:22:07','2014-12-22 20:22:07','kucukura'),(31,'umw_shan_lu',1,1,63,'2014-12-22 20:22:07','2014-12-22 20:22:07','kucukura'),(32,'umw_michael_green',1,1,63,'2014-12-22 20:22:07','2014-12-22 20:22:07','kucukura'),(33,'umw_nick_rhind',1,1,63,'2014-12-22 20:22:07','2014-12-22 20:22:07','kucukura'),(34,'umw_yang_xiang',1,1,63,'2014-12-22 20:22:07','2014-12-22 20:22:07','kucukura'),(35,'umw_neil_aronin',1,1,63,'2014-12-22 20:22:07','2014-12-22 20:22:07','kucukura'),(36,'umw_vivian_budnik',1,1,63,'2014-12-22 20:22:07','2014-12-22 20:22:07','kucukura'),(37,'umw_paul_kaufman',1,1,63,'2014-12-22 20:22:07','2014-12-22 20:22:07','kucukura'),(38,'umw_rene_maehr',1,1,63,'2014-12-22 20:22:07','2014-12-22 20:22:07','kucukura'),(39,'umw_zhiping_weng',1,1,63,'2014-12-22 20:22:07','2014-12-22 20:22:07','kucukura'),(40,'umw_nathan_lawson',1,1,63,'2014-12-22 20:22:07','2014-12-22 20:22:07','kucukura'),(41,'umw_jennifer_benanti',1,1,63,'2014-12-22 20:22:07','2014-12-22 20:22:07','kucukura'),(42,'umw_michael_lee',1,1,63,'2014-12-22 20:22:07','2014-12-22 20:22:07','kucukura'),(43,'umw_andrew_leiter',1,1,63,'2014-12-22 20:22:07','2014-12-22 20:22:07','kucukura'),(44,'umw_anastasia_khvorova',1,1,63,'2014-12-22 20:22:07','2014-12-22 20:22:07','kucukura'),(45,'umw_evelyn_kurt-jones',1,1,63,'2014-12-22 20:22:07','2014-12-22 20:22:07','kucukura'),(46,'umw_allan_jacobson',1,1,63,'2014-12-22 20:22:07','2014-12-22 20:22:07','kucukura'),(47,'umw_silvia_corvera',1,1,63,'2014-12-22 20:22:07','2014-12-22 20:22:07','kucukura'),(48,'umw_daniel_bolon',1,1,63,'2014-12-22 20:22:07','2014-12-22 20:22:07','kucukura'),(49,'umw_leslie_berg',1,1,63,'2014-12-22 20:22:07','2014-12-22 20:22:07','kucukura'),(50,'umw_jeremy_luban',1,1,63,'2014-12-22 20:22:07','2014-12-22 20:22:07','kucukura'),(51,'umw_joel_richter',1,1,63,'2014-12-22 20:22:07','2014-12-22 20:22:07','kucukura'),(52,'umw_lucio_castilla',1,1,63,'2014-12-22 20:22:07','2014-12-22 20:22:07','kucukura'),(53,'umw_katherine_luzuriaga',1,1,63,'2014-12-22 20:22:07','2014-12-22 20:22:07','kucukura'),(54,'umw_rc',1,1,63,'2014-12-22 20:22:07','2014-12-22 20:22:07','kucukura'),(55,'galaxy',1,1,63,'2014-12-22 20:22:07','2014-12-22 20:22:07','kucukura'),(56,'umw_fenbiao_gao',1,1,63,'2014-12-22 20:22:07','2014-12-22 20:22:07','kucukura'),(57,'umw_craig_ceol',1,1,63,'2014-12-22 20:22:07','2014-12-22 20:22:07','kucukura'),(58,'umw_amy_walker',1,1,63,'2014-12-22 20:22:07','2014-12-22 20:22:07','kucukura'),(59,'umw_heinrich_gottlinger',1,1,63,'2014-12-22 20:22:07','2014-12-22 20:22:07','kucukura'),(60,'umw_jeff_bailey',1,1,63,'2014-12-22 20:22:07','2014-12-22 20:22:07','kucukura'),(61,'umw_dale_greiner',1,1,63,'2014-12-22 20:22:07','2014-12-22 20:22:07','kucukura'),(62,'umw_alan_rosmarin',1,1,63,'2014-12-22 20:22:07','2014-12-22 20:22:07','kucukura'),(63,'umw_lawrence_stern',1,1,63,'2014-12-22 20:22:07','2014-12-22 20:22:07','kucukura'),(64,'umw_timothy_fitzgibbons',1,1,63,'2014-12-22 20:22:07','2014-12-22 20:22:07','kucukura'),(65,'umw_brian_lewis',1,1,63,'2014-12-22 20:22:07','2014-12-22 20:22:07','kucukura'),(66,'umw_dan_bolon',1,1,63,'2014-12-22 20:22:07','2014-12-22 20:22:07','kucukura'),(67,'umw_christopher_sassetti',1,1,63,'2014-12-22 20:22:07','2014-12-22 20:22:07','kucukura'),(68,'umw_david_gruwnald',1,1,63,'2014-12-22 20:22:07','2014-12-22 20:22:07','kucukura'),(69,'umw_david_guertin',1,1,63,'2014-12-22 20:22:07','2014-12-22 20:22:07','kucukura'),(70,'umw_chris_sassetti',1,1,63,'2014-12-22 20:22:07','2014-12-22 20:22:07','kucukura'),(71,'umw_guangping_gao',1,1,63,'2014-12-22 20:22:07','2014-12-22 20:22:07','kucukura'),(72,'umw_ellen_kittler',1,1,63,'2014-12-22 20:22:07','2014-12-22 20:22:07','kucukura'),(73,'umw_robert_brown',1,1,63,'2014-12-22 20:22:07','2014-12-22 20:22:07','kucukura'),(74,'umw_kensuke_futai',1,1,63,'2014-12-22 20:22:07','2014-12-22 20:22:07','kucukura'),(75,'umw_elizabeth_ryder',1,1,63,'2014-12-22 20:22:07','2014-12-22 20:22:07','kucukura'),(76,'umw_leslie_shaw',1,1,63,'2014-12-22 20:22:07','2014-12-22 20:22:07','kucukura'),(77,'umw_joonsoo_kang',1,1,63,'2014-12-22 20:22:07','2014-12-22 20:22:07','kucukura'),(78,'umw_jane_freedman',1,1,63,'2014-12-22 20:22:07','2014-12-22 20:22:07','kucukura'),(79,'umw_job_dekker',1,1,63,'2014-12-22 20:22:07','2014-12-22 20:22:07','kucukura'),(80,'lpr',1,1,63,'2014-12-22 20:22:07','2014-12-22 20:22:07','kucukura');
/*!40000 ALTER TABLE `groups` ENABLE KEYS */;
UNLOCK TABLES;
/*!40103 SET TIME_ZONE=@OLD_TIME_ZONE */;

/*!40101 SET SQL_MODE=@OLD_SQL_MODE */;
/*!40014 SET FOREIGN_KEY_CHECKS=@OLD_FOREIGN_KEY_CHECKS */;
/*!40014 SET UNIQUE_CHECKS=@OLD_UNIQUE_CHECKS */;
/*!40101 SET CHARACTER_SET_CLIENT=@OLD_CHARACTER_SET_CLIENT */;
/*!40101 SET CHARACTER_SET_RESULTS=@OLD_CHARACTER_SET_RESULTS */;
/*!40101 SET COLLATION_CONNECTION=@OLD_COLLATION_CONNECTION */;
/*!40111 SET SQL_NOTES=@OLD_SQL_NOTES */;

-- Dump completed on 2014-12-23 15:43:21
